<?xml version="1.0" encoding="utf-8" ?>
<manifest xmlns="http://www.imsglobal.org/xsd/imscp_v1p1"
          xmlns:xsi="http://www.w3.org/2001/XMLSchema-instance"
          xmlns:adlcp="http://www.adlnet.org/xsd/adlcp_rootv1p2"
          xmlns:cwsp="http://www.dspace.org/xmlns/cwspace_imscp"
          xmlns:ocw="https://ocw.mit.edu/xmlns/ocw_imscp"
          xmlns:lom="https://ocw.mit.edu/xmlns/LOM"
          identifier="urn_edu.mit.ocw_18-335j-introduction-to-numerical-methods-fall-2010"
          version="2017-11-2T3:18:38"
          cwsp:packageType="Course"
          xml:base="18-335j-fall-2010/"
          xsi:schemaLocation="http://www.imsglobal.org/xsd/imscp_v1p1 http://www.imsglobal.org/xsd/imscp_v1p1.xsd  http://www.adlnet.org/xsd/adlcp_rootv1p2 http://www.adlnet.org/xsd/adlcp_rootv1p2.xsd http://www.dspace.org/xmlns/cwspace_imscp http://www.dspace.org/xsd/cwspace_imscp/version10/cwspace_imscpv10.xsd https://ocw.mit.edu/xmlns/ocw_imscp https://ocw.mit.edu/xsd/ocw_imscp/version10/ocw_imscpv10.xsd https://ocw.mit.edu/xmlns/LOM https://ocw.mit.edu/xsd/LOM/lomv1.0/lomv1.0.xsd">
   	<metadata>
   		<schema>IMS Content</schema>
        <schemaversion>1.1</schemaversion>
        <cwsp:packageMetadata>
            <cwsp:sourceSystem>OCW</cwsp:sourceSystem>
            <cwsp:profile>CWSpace</cwsp:profile>
            <cwsp:profileVersion>0.1</cwsp:profileVersion>
        </cwsp:packageMetadata>
        <lom:general uniqueElementName="general">
            <lom:title uniqueElementName="title">
				<lom:string language="en">Introduction to Numerical Methods</lom:string>
			</lom:title>
			<lom:identifier>
				<lom:catalog uniqueElementName="catalog">OCW Master Course Number</lom:catalog>
		      	<lom:entry uniqueElementName="entry">18.335J</lom:entry>
			</lom:identifier>
			<lom:identifier>
				<lom:catalog uniqueElementName="catalog">OCW Linked Course Number</lom:catalog>
		      	<lom:entry uniqueElementName="entry">6.337J</lom:entry>
			</lom:identifier>
        </lom:general>
        <lom:lifecycle uniqueElementName="lifeCycle">
            <lom:version uniqueElementName="version">
				<lom:string language="en">Fall 2010</lom:string>
			</lom:version>
            <lom:contribute>
	            <lom:role>
	                <lom:source uniqueElementName="source">OCW_LOMv1.0</lom:source>
	                <lom:value uniqueElementName="value">Author</lom:value>
	            </lom:role>
	            <lom:entity>Johnson, Steven G.</lom:entity>
	            <lom:date uniqueElementName="date">
	                <lom:dateTime uniqueElementName="dateTime">2017-11-2</lom:dateTime>
	            </lom:date>
        	</lom:contribute>
        </lom:lifecycle>
        <lom:relation uniqueElementName="relation">
        	<lom:kind uniqueElementName="kind">
        		<lom:source uniqueElementName="source">OCW_LOMv1.0</lom:source>
        		<lom:value uniqueElementName="value">isbasedon</lom:value>
        	</lom:kind>
        	<lom:resource uniqueElementName="resource">
        		<lom:identifier>
        			<lom:catalog uniqueElementName="catalog">URI</lom:catalog>
        			<lom:entry uniqueElementName="entry">http://hdl.handle.net/1721.1/75282</lom:entry>
        		</lom:identifier>
        		<lom:description uniqueElementName="description">
        			<lom:string language="en">Previous version of the course</lom:string>
        		</lom:description>
        	</lom:resource>
        </lom:relation>
        <lom:taxonPath>
            <lom:source uniqueElementName="source">
                <lom:string language="en">OCW Course Topics</lom:string>
            </lom:source>
            <lom:taxon>
                <lom:entry uniqueElementName="entry">
                    <lom:string language="en">Mathematics</lom:string>
                </lom:entry>
            </lom:taxon>
            <lom:taxon>
                <lom:entry uniqueElementName="entry">
                    <lom:string language="en">Linear Algebra</lom:string>
                </lom:entry>
            </lom:taxon>
            
        </lom:taxonPath>
        <lom:taxonPath>
            <lom:source uniqueElementName="source">
                <lom:string language="en">OCW Course Topics</lom:string>
            </lom:source>
            <lom:taxon>
                <lom:entry uniqueElementName="entry">
                    <lom:string language="en">Engineering</lom:string>
                </lom:entry>
            </lom:taxon>
            <lom:taxon>
                <lom:entry uniqueElementName="entry">
                    <lom:string language="en">Computer Science</lom:string>
                </lom:entry>
            </lom:taxon>
            <lom:taxon>
                <lom:entry uniqueElementName="entry">
                    <lom:string language="en">Algorithms and Data Structures</lom:string>
                </lom:entry>
            </lom:taxon>
        </lom:taxonPath>
        <lom:taxonPath>
            <lom:source uniqueElementName="source">
                <lom:string language="en">OCW Course Topics</lom:string>
            </lom:source>
            <lom:taxon>
                <lom:entry uniqueElementName="entry">
                    <lom:string language="en">Engineering</lom:string>
                </lom:entry>
            </lom:taxon>
            <lom:taxon>
                <lom:entry uniqueElementName="entry">
                    <lom:string language="en">Systems Engineering</lom:string>
                </lom:entry>
            </lom:taxon>
            <lom:taxon>
                <lom:entry uniqueElementName="entry">
                    <lom:string language="en">Numerical Simulation</lom:string>
                </lom:entry>
            </lom:taxon>
        </lom:taxonPath>        
        <adlcp:location>contents/index.htm.xml</adlcp:location>
    </metadata>
    <organizations default="ocw_18-335j-introduction-to-numerical-methods-fall-2010">
        <organization identifier="ocw_18-335j-introduction-to-numerical-methods-fall-2010">
            <title>Introduction to Numerical Methods</title>
            <item identifier="i_18-335j-introduction-to-numerical-methods-fall-2010.CourseHome"
                  identifierref="r_contents.index.htm"
                  ocw:sectionTemplateType="CourseHomePage"
                  ocw:sectionTemplateVersion="2017-11-2">
				<title>Introduction to Numerical Methods</title>
				<item identifier="i_18-335j-introduction-to-numerical-methods-fall-2010.18-335jf10.jpg"
          identifierref="r_contents.18-335jf10.jpg">
				<title>18-335jf10.jpg</title>
				</item>
				<item identifier="i_18-335j-introduction-to-numerical-methods-fall-2010.18-335jf10-th.jpg"
          identifierref="r_contents.18-335jf10-th.jpg">
				<title>18-335jf10-th.jpg</title>
				</item>
			</item>
            <item identifier="i_18-335j-introduction-to-numerical-methods-fall-2010.calendar"
                  identifierref="r_contents.calendar.index.htm"
                  ocw:sectionTemplateType="CourseSection"
                  ocw:sectionTemplateVersion="2017-11-2">
				<title>Calendar</title>
			</item>
            <item identifier="i_18-335j-introduction-to-numerical-methods-fall-2010.readings"
                  identifierref="r_contents.readings.index.htm"
                  ocw:sectionTemplateType="CourseSection"
                  ocw:sectionTemplateVersion="2017-11-2">
				<title>Readings</title>
				<item identifier="i_18-335j-introduction-to-numerical-methods-fall-2010.readings.MIT18_335JF10_lec15.pdf"
          identifierref="r_contents.readings.MIT18_335JF10_lec15.pdf">
				<title>The QR Algorithm I</title>
				</item>
				<item identifier="i_18-335j-introduction-to-numerical-methods-fall-2010.readings.MIT18_335JF10_lec16.pdf"
          identifierref="r_contents.readings.MIT18_335JF10_lec16.pdf">
				<title>MIT18_335JF10_lec16.pdf</title>
				</item>
				<item identifier="i_18-335j-introduction-to-numerical-methods-fall-2010.readings.MIT18_335JF10_lec17.pdf"
          identifierref="r_contents.readings.MIT18_335JF10_lec17.pdf">
				<title>MIT18_335JF10_lec17.pdf</title>
				</item>
			</item>
            <item identifier="i_18-335j-introduction-to-numerical-methods-fall-2010.lecture-notes"
                  identifierref="r_contents.lecture-notes.index.htm"
                  ocw:sectionTemplateType="CourseSection"
                  ocw:sectionTemplateVersion="2017-11-2">
				<title>Lecture Summaries</title>
				<item identifier="i_18-335j-introduction-to-numerical-methods-fall-2010.lecture-notes.lecture-7-summary"
          identifierref="r_contents.lecture-notes.lecture-7-summary.index.htm">
				<title>Lecture 7 Summary</title>
				</item>
				<item identifier="i_18-335j-introduction-to-numerical-methods-fall-2010.lecture-notes.lecture-3-summary"
          identifierref="r_contents.lecture-notes.lecture-3-summary.index.htm">
				<title>Lecture 3 Summary</title>
				</item>
				<item identifier="i_18-335j-introduction-to-numerical-methods-fall-2010.lecture-notes.lecture-4-summary"
          identifierref="r_contents.lecture-notes.lecture-4-summary.index.htm">
				<title>Lecture 4 Summary</title>
				</item>
				<item identifier="i_18-335j-introduction-to-numerical-methods-fall-2010.lecture-notes.lecture-5-summary"
          identifierref="r_contents.lecture-notes.lecture-5-summary.index.htm">
				<title>Lecture 5 Summary</title>
				</item>
				<item identifier="i_18-335j-introduction-to-numerical-methods-fall-2010.lecture-notes.lecture-8-summary"
          identifierref="r_contents.lecture-notes.lecture-8-summary.index.htm">
				<title>Lecture 8 Summary</title>
				</item>
				<item identifier="i_18-335j-introduction-to-numerical-methods-fall-2010.lecture-notes.lecture-6-summary"
          identifierref="r_contents.lecture-notes.lecture-6-summary.index.htm">
				<title>Lecture 6 Summary</title>
				</item>
				<item identifier="i_18-335j-introduction-to-numerical-methods-fall-2010.lecture-notes.lecture-9-summary"
          identifierref="r_contents.lecture-notes.lecture-9-summary.index.htm">
				<title>Lecture 9 Summary</title>
				</item>
				<item identifier="i_18-335j-introduction-to-numerical-methods-fall-2010.lecture-notes.lecture-10-summary"
          identifierref="r_contents.lecture-notes.lecture-10-summary.index.htm">
				<title>Lecture 10 Summary</title>
				</item>
				<item identifier="i_18-335j-introduction-to-numerical-methods-fall-2010.lecture-notes.lecture-11-summary"
          identifierref="r_contents.lecture-notes.lecture-11-summary.index.htm">
				<title>Lecture 11 Summary</title>
				</item>
				<item identifier="i_18-335j-introduction-to-numerical-methods-fall-2010.lecture-notes.lecture-12-summary"
          identifierref="r_contents.lecture-notes.lecture-12-summary.index.htm">
				<title>Lecture 12 Summary</title>
				</item>
				<item identifier="i_18-335j-introduction-to-numerical-methods-fall-2010.lecture-notes.lecture-13-summary"
          identifierref="r_contents.lecture-notes.lecture-13-summary.index.htm">
				<title>Lecture 13 Summary</title>
				</item>
				<item identifier="i_18-335j-introduction-to-numerical-methods-fall-2010.lecture-notes.lecture-14-summary"
          identifierref="r_contents.lecture-notes.lecture-14-summary.index.htm">
				<title>Lecture 14 Summary</title>
				</item>
				<item identifier="i_18-335j-introduction-to-numerical-methods-fall-2010.lecture-notes.lecture-15-summary"
          identifierref="r_contents.lecture-notes.lecture-15-summary.index.htm">
				<title>Lecture 15 Summary</title>
				</item>
				<item identifier="i_18-335j-introduction-to-numerical-methods-fall-2010.lecture-notes.lecture-16-summary"
          identifierref="r_contents.lecture-notes.lecture-16-summary.index.htm">
				<title>Lecture 16 Summary</title>
				</item>
				<item identifier="i_18-335j-introduction-to-numerical-methods-fall-2010.lecture-notes.lecture-18-summary"
          identifierref="r_contents.lecture-notes.lecture-18-summary.index.htm">
				<title>Lecture 18 Summary</title>
				</item>
				<item identifier="i_18-335j-introduction-to-numerical-methods-fall-2010.lecture-notes.lecture-21-summary"
          identifierref="r_contents.lecture-notes.lecture-21-summary.index.htm">
				<title>Lecture 21 Summary</title>
				</item>
				<item identifier="i_18-335j-introduction-to-numerical-methods-fall-2010.lecture-notes.lecture-17-summary"
          identifierref="r_contents.lecture-notes.lecture-17-summary.index.htm">
				<title>Lecture 17 Summary</title>
				</item>
				<item identifier="i_18-335j-introduction-to-numerical-methods-fall-2010.lecture-notes.lecture-1-summary"
          identifierref="r_contents.lecture-notes.lecture-1-summary.index.htm">
				<title>Lecture 1 Summary</title>
				</item>
				<item identifier="i_18-335j-introduction-to-numerical-methods-fall-2010.lecture-notes.lecture-19-summary"
          identifierref="r_contents.lecture-notes.lecture-19-summary.index.htm">
				<title>Lecture 19 Summary</title>
				</item>
				<item identifier="i_18-335j-introduction-to-numerical-methods-fall-2010.lecture-notes.lecture-20-summary"
          identifierref="r_contents.lecture-notes.lecture-20-summary.index.htm">
				<title>Lecture 20 Summary</title>
				</item>
				<item identifier="i_18-335j-introduction-to-numerical-methods-fall-2010.lecture-notes.lecture-22-summary"
          identifierref="r_contents.lecture-notes.lecture-22-summary.index.htm">
				<title>Lecture 22 Summary</title>
				</item>
				<item identifier="i_18-335j-introduction-to-numerical-methods-fall-2010.lecture-notes.lecture-27-summary"
          identifierref="r_contents.lecture-notes.lecture-27-summary.index.htm">
				<title>Lecture 27 summary</title>
				</item>
				<item identifier="i_18-335j-introduction-to-numerical-methods-fall-2010.lecture-notes.lecture-25-summary"
          identifierref="r_contents.lecture-notes.lecture-25-summary.index.htm">
				<title>Lecture 25 Summary</title>
				</item>
				<item identifier="i_18-335j-introduction-to-numerical-methods-fall-2010.lecture-notes.lecture-23-summary"
          identifierref="r_contents.lecture-notes.lecture-23-summary.index.htm">
				<title>Lecture 23 Summary</title>
				</item>
				<item identifier="i_18-335j-introduction-to-numerical-methods-fall-2010.lecture-notes.lecture-24-summary"
          identifierref="r_contents.lecture-notes.lecture-24-summary.index.htm">
				<title>Lecture 24 Summary</title>
				</item>
				<item identifier="i_18-335j-introduction-to-numerical-methods-fall-2010.lecture-notes.lecture-26-summary"
          identifierref="r_contents.lecture-notes.lecture-26-summary.index.htm">
				<title>Lecture 26 Summary</title>
				</item>
				<item identifier="i_18-335j-introduction-to-numerical-methods-fall-2010.lecture-notes.lecture-28-summary"
          identifierref="r_contents.lecture-notes.lecture-28-summary.index.htm">
				<title>Lecture 28 Summary</title>
				</item>
				<item identifier="i_18-335j-introduction-to-numerical-methods-fall-2010.lecture-notes.lecture-29-summary"
          identifierref="r_contents.lecture-notes.lecture-29-summary.index.htm">
				<title>Lecture 29 Summary</title>
				</item>
				<item identifier="i_18-335j-introduction-to-numerical-methods-fall-2010.lecture-notes.lecture-31-summary"
          identifierref="r_contents.lecture-notes.lecture-31-summary.index.htm">
				<title>Lecture 31 Summary</title>
				</item>
				<item identifier="i_18-335j-introduction-to-numerical-methods-fall-2010.lecture-notes.lecture-33-summary"
          identifierref="r_contents.lecture-notes.lecture-33-summary.index.htm">
				<title>Lecture 33 Summary</title>
				</item>
				<item identifier="i_18-335j-introduction-to-numerical-methods-fall-2010.lecture-notes.lecture-30-summary"
          identifierref="r_contents.lecture-notes.lecture-30-summary.index.htm">
				<title>Lecture 30 Summary</title>
				</item>
				<item identifier="i_18-335j-introduction-to-numerical-methods-fall-2010.lecture-notes.lecture-2-summary"
          identifierref="r_contents.lecture-notes.lecture-2-summary.index.htm">
				<title>Lecture 2 Summary</title>
				</item>
				<item identifier="i_18-335j-introduction-to-numerical-methods-fall-2010.lecture-notes.lecture-32-summary"
          identifierref="r_contents.lecture-notes.lecture-32-summary.index.htm">
				<title>Lecture 32 Summary</title>
				</item>
				<item identifier="i_18-335j-introduction-to-numerical-methods-fall-2010.lecture-notes.MIT18_335JF10_Lec31b_hand.pdf"
          identifierref="r_contents.lecture-notes.MIT18_335JF10_Lec31b_hand.pdf">
				<title>Two numerical experiments with trapezoidal rule</title>
				</item>
				<item identifier="i_18-335j-introduction-to-numerical-methods-fall-2010.lecture-notes.MIT18_335JF10_lec2a_hand.pdf"
          identifierref="r_contents.lecture-notes.MIT18_335JF10_lec2a_hand.pdf">
				<title>MIT18_335JF10_lec2a_hand.pdf</title>
				</item>
				<item identifier="i_18-335j-introduction-to-numerical-methods-fall-2010.lecture-notes.MIT18_335JF10_lec10a_hand.pdf"
          identifierref="r_contents.lecture-notes.MIT18_335JF10_lec10a_hand.pdf">
				<title>MIT18_335JF10_lec10a_hand.pdf</title>
				</item>
				<item identifier="i_18-335j-introduction-to-numerical-methods-fall-2010.lecture-notes.MIT18_335JF10_lec25a_hand.pdf"
          identifierref="r_contents.lecture-notes.MIT18_335JF10_lec25a_hand.pdf">
				<title>MIT18_335JF10_lec25a_hand.pdf</title>
				</item>
				<item identifier="i_18-335j-introduction-to-numerical-methods-fall-2010.lecture-notes.MIT18_335JF10_Lec31a_hand.pdf"
          identifierref="r_contents.lecture-notes.MIT18_335JF10_Lec31a_hand.pdf">
				<title>MIT18_335JF10_Lec31a_hand.pdf</title>
				</item>
				<item identifier="i_18-335j-introduction-to-numerical-methods-fall-2010.lecture-notes.MIT18_335JF10_lec13_hand.pdf"
          identifierref="r_contents.lecture-notes.MIT18_335JF10_lec13_hand.pdf">
				<title>MIT18_335JF10_lec13_hand.pdf</title>
				</item>
				<item identifier="i_18-335j-introduction-to-numerical-methods-fall-2010.lecture-notes.MIT18_335JF10_lec21a_hand.pdf"
          identifierref="r_contents.lecture-notes.MIT18_335JF10_lec21a_hand.pdf">
				<title>MIT18_335JF10_lec21a_hand.pdf</title>
				</item>
				<item identifier="i_18-335j-introduction-to-numerical-methods-fall-2010.lecture-notes.MIT18_335JF10_lec23b_hand.pdf"
          identifierref="r_contents.lecture-notes.MIT18_335JF10_lec23b_hand.pdf">
				<title>MIT18_335JF10_lec23b_hand.pdf</title>
				</item>
				<item identifier="i_18-335j-introduction-to-numerical-methods-fall-2010.lecture-notes.MIT18_335JF10_lec3_hand.pdf"
          identifierref="r_contents.lecture-notes.MIT18_335JF10_lec3_hand.pdf">
				<title>MIT18_335JF10_lec3_hand.pdf</title>
				</item>
				<item identifier="i_18-335j-introduction-to-numerical-methods-fall-2010.lecture-notes.MIT18_335JF10_lec21b_hand.pdf"
          identifierref="r_contents.lecture-notes.MIT18_335JF10_lec21b_hand.pdf">
				<title>MIT18_335JF10_lec21b_hand.pdf</title>
				</item>
				<item identifier="i_18-335j-introduction-to-numerical-methods-fall-2010.lecture-notes.MIT18_335JF10_lec2b_hand.pdf"
          identifierref="r_contents.lecture-notes.MIT18_335JF10_lec2b_hand.pdf">
				<title>MIT18_335JF10_lec2b_hand.pdf</title>
				</item>
				<item identifier="i_18-335j-introduction-to-numerical-methods-fall-2010.lecture-notes.MIT18_335JF10_lec10b_hand.pdf"
          identifierref="r_contents.lecture-notes.MIT18_335JF10_lec10b_hand.pdf">
				<title>MIT18_335JF10_lec10b_hand.pdf</title>
				</item>
				<item identifier="i_18-335j-introduction-to-numerical-methods-fall-2010.lecture-notes.MIT18_335JF10_lec4_hand.pdf"
          identifierref="r_contents.lecture-notes.MIT18_335JF10_lec4_hand.pdf">
				<title>MIT18_335JF10_lec4_hand.pdf</title>
				</item>
				<item identifier="i_18-335j-introduction-to-numerical-methods-fall-2010.lecture-notes.MIT18_335JF10_lec23a_hand.pdf"
          identifierref="r_contents.lecture-notes.MIT18_335JF10_lec23a_hand.pdf">
				<title>MIT18_335JF10_lec23a_hand.pdf</title>
				</item>
			</item>
            <item identifier="i_18-335j-introduction-to-numerical-methods-fall-2010.assignments"
                  identifierref="r_contents.assignments.index.htm"
                  ocw:sectionTemplateType="CourseSection"
                  ocw:sectionTemplateVersion="2017-11-2">
				<title>Assignments</title>
				<item identifier="i_18-335j-introduction-to-numerical-methods-fall-2010.assignments.MIT18_335JF10_pset1sol.pdf"
          identifierref="r_contents.assignments.MIT18_335JF10_pset1sol.pdf">
				<title>Problem Set 1 Solutions</title>
				</item>
				<item identifier="i_18-335j-introduction-to-numerical-methods-fall-2010.assignments.MIT18_335JF10_pset4sol.pdf"
          identifierref="r_contents.assignments.MIT18_335JF10_pset4sol.pdf">
				<title>MIT18_335JF10_pset4sol.pdf</title>
				</item>
				<item identifier="i_18-335j-introduction-to-numerical-methods-fall-2010.assignments.MIT18_335JF10_pset3sol.pdf"
          identifierref="r_contents.assignments.MIT18_335JF10_pset3sol.pdf">
				<title>MIT18_335JF10_pset3sol.pdf</title>
				</item>
				<item identifier="i_18-335j-introduction-to-numerical-methods-fall-2010.assignments.MIT18_335JF10_pset5.pdf"
          identifierref="r_contents.assignments.MIT18_335JF10_pset5.pdf">
				<title>MIT18_335JF10_pset5.pdf</title>
				</item>
				<item identifier="i_18-335j-introduction-to-numerical-methods-fall-2010.assignments.MIT18_335JF10_pset3.pdf"
          identifierref="r_contents.assignments.MIT18_335JF10_pset3.pdf">
				<title>MIT18_335JF10_pset3.pdf</title>
				</item>
				<item identifier="i_18-335j-introduction-to-numerical-methods-fall-2010.assignments.MIT18_335JF10_pset4.pdf"
          identifierref="r_contents.assignments.MIT18_335JF10_pset4.pdf">
				<title>MIT18_335JF10_pset4.pdf</title>
				</item>
				<item identifier="i_18-335j-introduction-to-numerical-methods-fall-2010.assignments.MIT18_335JF10_pset2.pdf"
          identifierref="r_contents.assignments.MIT18_335JF10_pset2.pdf">
				<title>MIT18_335JF10_pset2.pdf</title>
				</item>
				<item identifier="i_18-335j-introduction-to-numerical-methods-fall-2010.assignments.MIT18_335JF10_pset1.pdf"
          identifierref="r_contents.assignments.MIT18_335JF10_pset1.pdf">
				<title>MIT18_335JF10_pset1.pdf</title>
				</item>
				<item identifier="i_18-335j-introduction-to-numerical-methods-fall-2010.assignments.MIT18_335JF10_pset5sol.pdf"
          identifierref="r_contents.assignments.MIT18_335JF10_pset5sol.pdf">
				<title>MIT18_335JF10_pset5sol.pdf</title>
				</item>
				<item identifier="i_18-335j-introduction-to-numerical-methods-fall-2010.assignments.MIT18_335JF10_pset2sol.pdf"
          identifierref="r_contents.assignments.MIT18_335JF10_pset2sol.pdf">
				<title>MIT18_335JF10_pset2sol.pdf</title>
				</item>
				<item identifier="i_18-335j-introduction-to-numerical-methods-fall-2010.assignments.matmul_bycolumn.m"
          identifierref="r_contents.assignments.matmul_bycolumn.m">
				<title>matmul_bycolumn.m</title>
				</item>
				<item identifier="i_18-335j-introduction-to-numerical-methods-fall-2010.assignments.SD.m"
          identifierref="r_contents.assignments.SD.m">
				<title>SD.m</title>
				</item>
				<item identifier="i_18-335j-introduction-to-numerical-methods-fall-2010.assignments.loopsum.m"
          identifierref="r_contents.assignments.loopsum.m">
				<title>loopsum.m</title>
				</item>
				<item identifier="i_18-335j-introduction-to-numerical-methods-fall-2010.assignments.A386.m"
          identifierref="r_contents.assignments.A386.m">
				<title>A386.m</title>
				</item>
				<item identifier="i_18-335j-introduction-to-numerical-methods-fall-2010.assignments.div2sum.m"
          identifierref="r_contents.assignments.div2sum.m">
				<title>div2sum.m</title>
				</item>
				<item identifier="i_18-335j-introduction-to-numerical-methods-fall-2010.assignments.A363.m"
          identifierref="r_contents.assignments.A363.m">
				<title>A363.m</title>
				</item>
				<item identifier="i_18-335j-introduction-to-numerical-methods-fall-2010.assignments.benchmul.m"
          identifierref="r_contents.assignments.benchmul.m">
				<title>benchmul.m</title>
				</item>
				<item identifier="i_18-335j-introduction-to-numerical-methods-fall-2010.assignments.lanczos.m"
          identifierref="r_contents.assignments.lanczos.m">
				<title>lanczos.m</title>
				</item>
			</item>
            <item identifier="i_18-335j-introduction-to-numerical-methods-fall-2010.exams"
                  identifierref="r_contents.exams.index.htm"
                  ocw:sectionTemplateType="CourseSection"
                  ocw:sectionTemplateVersion="2017-11-2">
				<title>Exams</title>
				<item identifier="i_18-335j-introduction-to-numerical-methods-fall-2010.exams.MIT18_335JF10_mid_f08.pdf"
          identifierref="r_contents.exams.MIT18_335JF10_mid_f08.pdf">
				<title>Fall 2008 Midterm</title>
				</item>
				<item identifier="i_18-335j-introduction-to-numerical-methods-fall-2010.exams.MIT18_335JF10_mid_f09.pdf"
          identifierref="r_contents.exams.MIT18_335JF10_mid_f09.pdf">
				<title>MIT18_335JF10_mid_f09.pdf</title>
				</item>
				<item identifier="i_18-335j-introduction-to-numerical-methods-fall-2010.exams.MIT18_335JF10_mid_f10.pdf"
          identifierref="r_contents.exams.MIT18_335JF10_mid_f10.pdf">
				<title>MIT18_335JF10_mid_f10.pdf</title>
				</item>
				<item identifier="i_18-335j-introduction-to-numerical-methods-fall-2010.exams.MIT18_335JF10_mid_sol_f08.pdf"
          identifierref="r_contents.exams.MIT18_335JF10_mid_sol_f08.pdf">
				<title>MIT18_335JF10_mid_sol_f08.pdf</title>
				</item>
				<item identifier="i_18-335j-introduction-to-numerical-methods-fall-2010.exams.MIT18_335JF10_mid_sol_f10.pdf"
          identifierref="r_contents.exams.MIT18_335JF10_mid_sol_f10.pdf">
				<title>MIT18_335JF10_mid_sol_f10.pdf</title>
				</item>
			</item>
            <item identifier="i_18-335j-introduction-to-numerical-methods-fall-2010.syllabus"
                  identifierref="r_contents.syllabus.index.htm"
                  ocw:sectionTemplateType="CourseSection"
                  ocw:sectionTemplateVersion="2017-11-2">
				<title>Syllabus</title>
			</item>
            <item identifier="i_terms"
                  identifierref="r_common.terms.index.htm"
                  ocw:sectionTemplateType="GlobalSection"
                  ocw:sectionTemplateVersion="2017-11-2">
				<title>Legal Notices</title>
			</item>
            <item identifier="i_terms"
                  identifierref="r_common.terms.index.htm"
                  ocw:sectionTemplateType="GlobalSection"
                  ocw:sectionTemplateVersion="2017-11-2">
				<title>Privacy Statement</title>
			</item>
            <item identifier="i_terms.trademarks"
                  identifierref="r_common.terms.trademarks.index.htm"
                  ocw:sectionTemplateType="GlobalSection"
                  ocw:sectionTemplateVersion="2017-11-2">
				<title>Trademark Notices</title>
			</item>
        </organization>
    </organizations>
    <resources>
        <resource identifier="r_contents.index.htm"
                  type="webcontent"
                  href="contents/index.htm">
            <metadata>
                <adlcp:location>contents/index.htm.xml</adlcp:location>
            </metadata>
            <file href="contents/index.htm"/>
            <dependency identifierref="webrenderrequirements.18-335j-introduction-to-numerical-methods-fall-2010"/>            
        </resource>
        <resource identifier="r_contents.assignments.MIT18_335JF10_pset1sol.pdf"
                  type="other"
                  href="contents/assignments/MIT18_335JF10_pset1sol.pdf">
            <metadata>
                <adlcp:location>contents/assignments/MIT18_335JF10_pset1sol.pdf.xml</adlcp:location>
            </metadata>
            <file href="contents/assignments/MIT18_335JF10_pset1sol.pdf"/>
                        
        </resource>
        <resource identifier="r_contents.lecture-notes.lecture-9-summary.index.htm"
                  type="webcontent"
                  href="contents/lecture-notes/lecture-9-summary/index.htm">
            <metadata>
                <adlcp:location>contents/lecture-notes/lecture-9-summary/index.htm.xml</adlcp:location>
            </metadata>
            <file href="contents/lecture-notes/lecture-9-summary/index.htm"/>
            <dependency identifierref="webrenderrequirements.18-335j-introduction-to-numerical-methods-fall-2010"/>            
        </resource>
        <resource identifier="r_contents.assignments.matmul_bycolumn.m"
                  type="other"
                  href="contents/assignments/matmul_bycolumn.m">
            <metadata>
                <adlcp:location>contents/assignments/matmul_bycolumn.m.xml</adlcp:location>
            </metadata>
            <file href="contents/assignments/matmul_bycolumn.m"/>
                        
        </resource>
        <resource identifier="r_contents.lecture-notes.lecture-22-summary.index.htm"
                  type="webcontent"
                  href="contents/lecture-notes/lecture-22-summary/index.htm">
            <metadata>
                <adlcp:location>contents/lecture-notes/lecture-22-summary/index.htm.xml</adlcp:location>
            </metadata>
            <file href="contents/lecture-notes/lecture-22-summary/index.htm"/>
            <dependency identifierref="webrenderrequirements.18-335j-introduction-to-numerical-methods-fall-2010"/>            
        </resource>
        <resource identifier="r_contents.assignments.MIT18_335JF10_pset3sol.pdf"
                  type="other"
                  href="contents/assignments/MIT18_335JF10_pset3sol.pdf">
            <metadata>
                <adlcp:location>contents/assignments/MIT18_335JF10_pset3sol.pdf.xml</adlcp:location>
            </metadata>
            <file href="contents/assignments/MIT18_335JF10_pset3sol.pdf"/>
                        
        </resource>
        <resource identifier="r_contents.exams.index.htm"
                  type="webcontent"
                  href="contents/exams/index.htm">
            <metadata>
                <adlcp:location>contents/exams/index.htm.xml</adlcp:location>
            </metadata>
            <file href="contents/exams/index.htm"/>
            <dependency identifierref="webrenderrequirements.18-335j-introduction-to-numerical-methods-fall-2010"/>            
        </resource>
        <resource identifier="r_contents.exams.MIT18_335JF10_mid_sol_f08.pdf"
                  type="other"
                  href="contents/exams/MIT18_335JF10_mid_sol_f08.pdf">
            <metadata>
                <adlcp:location>contents/exams/MIT18_335JF10_mid_sol_f08.pdf.xml</adlcp:location>
            </metadata>
            <file href="contents/exams/MIT18_335JF10_mid_sol_f08.pdf"/>
                        
        </resource>
        <resource identifier="r_contents.lecture-notes.MIT18_335JF10_lec3_hand.pdf"
                  type="other"
                  href="contents/lecture-notes/MIT18_335JF10_lec3_hand.pdf">
            <metadata>
                <adlcp:location>contents/lecture-notes/MIT18_335JF10_lec3_hand.pdf.xml</adlcp:location>
            </metadata>
            <file href="contents/lecture-notes/MIT18_335JF10_lec3_hand.pdf"/>
                        
        </resource>
        <resource identifier="r_contents.assignments.loopsum.m"
                  type="other"
                  href="contents/assignments/loopsum.m">
            <metadata>
                <adlcp:location>contents/assignments/loopsum.m.xml</adlcp:location>
            </metadata>
            <file href="contents/assignments/loopsum.m"/>
                        
        </resource>
        <resource identifier="r_contents.exams.MIT18_335JF10_mid_f08.pdf"
                  type="other"
                  href="contents/exams/MIT18_335JF10_mid_f08.pdf">
            <metadata>
                <adlcp:location>contents/exams/MIT18_335JF10_mid_f08.pdf.xml</adlcp:location>
            </metadata>
            <file href="contents/exams/MIT18_335JF10_mid_f08.pdf"/>
                        
        </resource>
        <resource identifier="r_contents.assignments.index.htm"
                  type="webcontent"
                  href="contents/assignments/index.htm">
            <metadata>
                <adlcp:location>contents/assignments/index.htm.xml</adlcp:location>
            </metadata>
            <file href="contents/assignments/index.htm"/>
            <dependency identifierref="webrenderrequirements.18-335j-introduction-to-numerical-methods-fall-2010"/>            
        </resource>
        <resource identifier="r_contents.lecture-notes.lecture-15-summary.index.htm"
                  type="webcontent"
                  href="contents/lecture-notes/lecture-15-summary/index.htm">
            <metadata>
                <adlcp:location>contents/lecture-notes/lecture-15-summary/index.htm.xml</adlcp:location>
            </metadata>
            <file href="contents/lecture-notes/lecture-15-summary/index.htm"/>
            <dependency identifierref="webrenderrequirements.18-335j-introduction-to-numerical-methods-fall-2010"/>            
        </resource>
        <resource identifier="r_contents.lecture-notes.lecture-14-summary.index.htm"
                  type="webcontent"
                  href="contents/lecture-notes/lecture-14-summary/index.htm">
            <metadata>
                <adlcp:location>contents/lecture-notes/lecture-14-summary/index.htm.xml</adlcp:location>
            </metadata>
            <file href="contents/lecture-notes/lecture-14-summary/index.htm"/>
            <dependency identifierref="webrenderrequirements.18-335j-introduction-to-numerical-methods-fall-2010"/>            
        </resource>
        <resource identifier="r_contents.assignments.benchmul.m"
                  type="other"
                  href="contents/assignments/benchmul.m">
            <metadata>
                <adlcp:location>contents/assignments/benchmul.m.xml</adlcp:location>
            </metadata>
            <file href="contents/assignments/benchmul.m"/>
                        
        </resource>
        <resource identifier="r_contents.assignments.MIT18_335JF10_pset5.pdf"
                  type="other"
                  href="contents/assignments/MIT18_335JF10_pset5.pdf">
            <metadata>
                <adlcp:location>contents/assignments/MIT18_335JF10_pset5.pdf.xml</adlcp:location>
            </metadata>
            <file href="contents/assignments/MIT18_335JF10_pset5.pdf"/>
                        
        </resource>
        <resource identifier="r_contents.lecture-notes.lecture-25-summary.index.htm"
                  type="webcontent"
                  href="contents/lecture-notes/lecture-25-summary/index.htm">
            <metadata>
                <adlcp:location>contents/lecture-notes/lecture-25-summary/index.htm.xml</adlcp:location>
            </metadata>
            <file href="contents/lecture-notes/lecture-25-summary/index.htm"/>
            <dependency identifierref="webrenderrequirements.18-335j-introduction-to-numerical-methods-fall-2010"/>            
        </resource>
        <resource identifier="r_contents.lecture-notes.lecture-27-summary.index.htm"
                  type="webcontent"
                  href="contents/lecture-notes/lecture-27-summary/index.htm">
            <metadata>
                <adlcp:location>contents/lecture-notes/lecture-27-summary/index.htm.xml</adlcp:location>
            </metadata>
            <file href="contents/lecture-notes/lecture-27-summary/index.htm"/>
            <dependency identifierref="webrenderrequirements.18-335j-introduction-to-numerical-methods-fall-2010"/>            
        </resource>
        <resource identifier="r_contents.assignments.MIT18_335JF10_pset2sol.pdf"
                  type="other"
                  href="contents/assignments/MIT18_335JF10_pset2sol.pdf">
            <metadata>
                <adlcp:location>contents/assignments/MIT18_335JF10_pset2sol.pdf.xml</adlcp:location>
            </metadata>
            <file href="contents/assignments/MIT18_335JF10_pset2sol.pdf"/>
                        
        </resource>
        <resource identifier="r_contents.lecture-notes.lecture-26-summary.index.htm"
                  type="webcontent"
                  href="contents/lecture-notes/lecture-26-summary/index.htm">
            <metadata>
                <adlcp:location>contents/lecture-notes/lecture-26-summary/index.htm.xml</adlcp:location>
            </metadata>
            <file href="contents/lecture-notes/lecture-26-summary/index.htm"/>
            <dependency identifierref="webrenderrequirements.18-335j-introduction-to-numerical-methods-fall-2010"/>            
        </resource>
        <resource identifier="r_contents.lecture-notes.MIT18_335JF10_lec4_hand.pdf"
                  type="other"
                  href="contents/lecture-notes/MIT18_335JF10_lec4_hand.pdf">
            <metadata>
                <adlcp:location>contents/lecture-notes/MIT18_335JF10_lec4_hand.pdf.xml</adlcp:location>
            </metadata>
            <file href="contents/lecture-notes/MIT18_335JF10_lec4_hand.pdf"/>
                        
        </resource>
        <resource identifier="r_contents.readings.MIT18_335JF10_lec16.pdf"
                  type="other"
                  href="contents/readings/MIT18_335JF10_lec16.pdf">
            <metadata>
                <adlcp:location>contents/readings/MIT18_335JF10_lec16.pdf.xml</adlcp:location>
            </metadata>
            <file href="contents/readings/MIT18_335JF10_lec16.pdf"/>
                        
        </resource>
        <resource identifier="r_contents.lecture-notes.lecture-7-summary.index.htm"
                  type="webcontent"
                  href="contents/lecture-notes/lecture-7-summary/index.htm">
            <metadata>
                <adlcp:location>contents/lecture-notes/lecture-7-summary/index.htm.xml</adlcp:location>
            </metadata>
            <file href="contents/lecture-notes/lecture-7-summary/index.htm"/>
            <dependency identifierref="webrenderrequirements.18-335j-introduction-to-numerical-methods-fall-2010"/>            
        </resource>
        <resource identifier="r_contents.lecture-notes.lecture-4-summary.index.htm"
                  type="webcontent"
                  href="contents/lecture-notes/lecture-4-summary/index.htm">
            <metadata>
                <adlcp:location>contents/lecture-notes/lecture-4-summary/index.htm.xml</adlcp:location>
            </metadata>
            <file href="contents/lecture-notes/lecture-4-summary/index.htm"/>
            <dependency identifierref="webrenderrequirements.18-335j-introduction-to-numerical-methods-fall-2010"/>            
        </resource>
        <resource identifier="r_contents.lecture-notes.MIT18_335JF10_lec23a_hand.pdf"
                  type="other"
                  href="contents/lecture-notes/MIT18_335JF10_lec23a_hand.pdf">
            <metadata>
                <adlcp:location>contents/lecture-notes/MIT18_335JF10_lec23a_hand.pdf.xml</adlcp:location>
            </metadata>
            <file href="contents/lecture-notes/MIT18_335JF10_lec23a_hand.pdf"/>
                        
        </resource>
        <resource identifier="r_contents.lecture-notes.lecture-30-summary.index.htm"
                  type="webcontent"
                  href="contents/lecture-notes/lecture-30-summary/index.htm">
            <metadata>
                <adlcp:location>contents/lecture-notes/lecture-30-summary/index.htm.xml</adlcp:location>
            </metadata>
            <file href="contents/lecture-notes/lecture-30-summary/index.htm"/>
            <dependency identifierref="webrenderrequirements.18-335j-introduction-to-numerical-methods-fall-2010"/>            
        </resource>
        <resource identifier="r_contents.lecture-notes.lecture-2-summary.index.htm"
                  type="webcontent"
                  href="contents/lecture-notes/lecture-2-summary/index.htm">
            <metadata>
                <adlcp:location>contents/lecture-notes/lecture-2-summary/index.htm.xml</adlcp:location>
            </metadata>
            <file href="contents/lecture-notes/lecture-2-summary/index.htm"/>
            <dependency identifierref="webrenderrequirements.18-335j-introduction-to-numerical-methods-fall-2010"/>            
        </resource>
        <resource identifier="r_contents.lecture-notes.lecture-5-summary.index.htm"
                  type="webcontent"
                  href="contents/lecture-notes/lecture-5-summary/index.htm">
            <metadata>
                <adlcp:location>contents/lecture-notes/lecture-5-summary/index.htm.xml</adlcp:location>
            </metadata>
            <file href="contents/lecture-notes/lecture-5-summary/index.htm"/>
            <dependency identifierref="webrenderrequirements.18-335j-introduction-to-numerical-methods-fall-2010"/>            
        </resource>
        <resource identifier="r_contents.lecture-notes.lecture-33-summary.index.htm"
                  type="webcontent"
                  href="contents/lecture-notes/lecture-33-summary/index.htm">
            <metadata>
                <adlcp:location>contents/lecture-notes/lecture-33-summary/index.htm.xml</adlcp:location>
            </metadata>
            <file href="contents/lecture-notes/lecture-33-summary/index.htm"/>
            <dependency identifierref="webrenderrequirements.18-335j-introduction-to-numerical-methods-fall-2010"/>            
        </resource>
        <resource identifier="r_contents.lecture-notes.lecture-21-summary.index.htm"
                  type="webcontent"
                  href="contents/lecture-notes/lecture-21-summary/index.htm">
            <metadata>
                <adlcp:location>contents/lecture-notes/lecture-21-summary/index.htm.xml</adlcp:location>
            </metadata>
            <file href="contents/lecture-notes/lecture-21-summary/index.htm"/>
            <dependency identifierref="webrenderrequirements.18-335j-introduction-to-numerical-methods-fall-2010"/>            
        </resource>
        <resource identifier="r_contents.18-335jf10.jpg"
                  type="other"
                  href="contents/18-335jf10.jpg">
            <metadata>
                <adlcp:location>contents/18-335jf10.jpg.xml</adlcp:location>
            </metadata>
            <file href="contents/18-335jf10.jpg"/>
                        
        </resource>
        <resource identifier="r_contents.18-335jf10-th.jpg"
                  type="other"
                  href="contents/18-335jf10-th.jpg">
            <metadata>
                <adlcp:location>contents/18-335jf10-th.jpg.xml</adlcp:location>
            </metadata>
            <file href="contents/18-335jf10-th.jpg"/>
                        
        </resource>
        <resource identifier="r_contents.lecture-notes.lecture-6-summary.index.htm"
                  type="webcontent"
                  href="contents/lecture-notes/lecture-6-summary/index.htm">
            <metadata>
                <adlcp:location>contents/lecture-notes/lecture-6-summary/index.htm.xml</adlcp:location>
            </metadata>
            <file href="contents/lecture-notes/lecture-6-summary/index.htm"/>
            <dependency identifierref="webrenderrequirements.18-335j-introduction-to-numerical-methods-fall-2010"/>            
        </resource>
        <resource identifier="r_contents.lecture-notes.MIT18_335JF10_lec21a_hand.pdf"
                  type="other"
                  href="contents/lecture-notes/MIT18_335JF10_lec21a_hand.pdf">
            <metadata>
                <adlcp:location>contents/lecture-notes/MIT18_335JF10_lec21a_hand.pdf.xml</adlcp:location>
            </metadata>
            <file href="contents/lecture-notes/MIT18_335JF10_lec21a_hand.pdf"/>
                        
        </resource>
        <resource identifier="r_contents.lecture-notes.MIT18_335JF10_lec13_hand.pdf"
                  type="other"
                  href="contents/lecture-notes/MIT18_335JF10_lec13_hand.pdf">
            <metadata>
                <adlcp:location>contents/lecture-notes/MIT18_335JF10_lec13_hand.pdf.xml</adlcp:location>
            </metadata>
            <file href="contents/lecture-notes/MIT18_335JF10_lec13_hand.pdf"/>
                        
        </resource>
        <resource identifier="r_contents.assignments.A386.m"
                  type="other"
                  href="contents/assignments/A386.m">
            <metadata>
                <adlcp:location>contents/assignments/A386.m.xml</adlcp:location>
            </metadata>
            <file href="contents/assignments/A386.m"/>
                        
        </resource>
        <resource identifier="r_contents.assignments.div2sum.m"
                  type="other"
                  href="contents/assignments/div2sum.m">
            <metadata>
                <adlcp:location>contents/assignments/div2sum.m.xml</adlcp:location>
            </metadata>
            <file href="contents/assignments/div2sum.m"/>
                        
        </resource>
        <resource identifier="r_contents.calendar.index.htm"
                  type="webcontent"
                  href="contents/calendar/index.htm">
            <metadata>
                <adlcp:location>contents/calendar/index.htm.xml</adlcp:location>
            </metadata>
            <file href="contents/calendar/index.htm"/>
            <dependency identifierref="webrenderrequirements.18-335j-introduction-to-numerical-methods-fall-2010"/>            
        </resource>
        <resource identifier="r_contents.assignments.MIT18_335JF10_pset4sol.pdf"
                  type="other"
                  href="contents/assignments/MIT18_335JF10_pset4sol.pdf">
            <metadata>
                <adlcp:location>contents/assignments/MIT18_335JF10_pset4sol.pdf.xml</adlcp:location>
            </metadata>
            <file href="contents/assignments/MIT18_335JF10_pset4sol.pdf"/>
                        
        </resource>
        <resource identifier="r_contents.lecture-notes.lecture-3-summary.index.htm"
                  type="webcontent"
                  href="contents/lecture-notes/lecture-3-summary/index.htm">
            <metadata>
                <adlcp:location>contents/lecture-notes/lecture-3-summary/index.htm.xml</adlcp:location>
            </metadata>
            <file href="contents/lecture-notes/lecture-3-summary/index.htm"/>
            <dependency identifierref="webrenderrequirements.18-335j-introduction-to-numerical-methods-fall-2010"/>            
        </resource>
        <resource identifier="r_contents.assignments.MIT18_335JF10_pset4.pdf"
                  type="other"
                  href="contents/assignments/MIT18_335JF10_pset4.pdf">
            <metadata>
                <adlcp:location>contents/assignments/MIT18_335JF10_pset4.pdf.xml</adlcp:location>
            </metadata>
            <file href="contents/assignments/MIT18_335JF10_pset4.pdf"/>
                        
        </resource>
        <resource identifier="r_contents.syllabus.index.htm"
                  type="webcontent"
                  href="contents/syllabus/index.htm">
            <metadata>
                <adlcp:location>contents/syllabus/index.htm.xml</adlcp:location>
            </metadata>
            <file href="contents/syllabus/index.htm"/>
            <dependency identifierref="webrenderrequirements.18-335j-introduction-to-numerical-methods-fall-2010"/>            
        </resource>
        <resource identifier="r_contents.lecture-notes.lecture-24-summary.index.htm"
                  type="webcontent"
                  href="contents/lecture-notes/lecture-24-summary/index.htm">
            <metadata>
                <adlcp:location>contents/lecture-notes/lecture-24-summary/index.htm.xml</adlcp:location>
            </metadata>
            <file href="contents/lecture-notes/lecture-24-summary/index.htm"/>
            <dependency identifierref="webrenderrequirements.18-335j-introduction-to-numerical-methods-fall-2010"/>            
        </resource>
        <resource identifier="r_contents.lecture-notes.lecture-31-summary.index.htm"
                  type="webcontent"
                  href="contents/lecture-notes/lecture-31-summary/index.htm">
            <metadata>
                <adlcp:location>contents/lecture-notes/lecture-31-summary/index.htm.xml</adlcp:location>
            </metadata>
            <file href="contents/lecture-notes/lecture-31-summary/index.htm"/>
            <dependency identifierref="webrenderrequirements.18-335j-introduction-to-numerical-methods-fall-2010"/>            
        </resource>
        <resource identifier="r_contents.lecture-notes.lecture-16-summary.index.htm"
                  type="webcontent"
                  href="contents/lecture-notes/lecture-16-summary/index.htm">
            <metadata>
                <adlcp:location>contents/lecture-notes/lecture-16-summary/index.htm.xml</adlcp:location>
            </metadata>
            <file href="contents/lecture-notes/lecture-16-summary/index.htm"/>
            <dependency identifierref="webrenderrequirements.18-335j-introduction-to-numerical-methods-fall-2010"/>            
        </resource>
        <resource identifier="r_contents.lecture-notes.lecture-23-summary.index.htm"
                  type="webcontent"
                  href="contents/lecture-notes/lecture-23-summary/index.htm">
            <metadata>
                <adlcp:location>contents/lecture-notes/lecture-23-summary/index.htm.xml</adlcp:location>
            </metadata>
            <file href="contents/lecture-notes/lecture-23-summary/index.htm"/>
            <dependency identifierref="webrenderrequirements.18-335j-introduction-to-numerical-methods-fall-2010"/>            
        </resource>
        <resource identifier="r_contents.lecture-notes.MIT18_335JF10_lec10b_hand.pdf"
                  type="other"
                  href="contents/lecture-notes/MIT18_335JF10_lec10b_hand.pdf">
            <metadata>
                <adlcp:location>contents/lecture-notes/MIT18_335JF10_lec10b_hand.pdf.xml</adlcp:location>
            </metadata>
            <file href="contents/lecture-notes/MIT18_335JF10_lec10b_hand.pdf"/>
                        
        </resource>
        <resource identifier="r_contents.lecture-notes.lecture-17-summary.index.htm"
                  type="webcontent"
                  href="contents/lecture-notes/lecture-17-summary/index.htm">
            <metadata>
                <adlcp:location>contents/lecture-notes/lecture-17-summary/index.htm.xml</adlcp:location>
            </metadata>
            <file href="contents/lecture-notes/lecture-17-summary/index.htm"/>
            <dependency identifierref="webrenderrequirements.18-335j-introduction-to-numerical-methods-fall-2010"/>            
        </resource>
        <resource identifier="r_contents.exams.MIT18_335JF10_mid_f09.pdf"
                  type="other"
                  href="contents/exams/MIT18_335JF10_mid_f09.pdf">
            <metadata>
                <adlcp:location>contents/exams/MIT18_335JF10_mid_f09.pdf.xml</adlcp:location>
            </metadata>
            <file href="contents/exams/MIT18_335JF10_mid_f09.pdf"/>
                        
        </resource>
        <resource identifier="r_contents.readings.index.htm"
                  type="webcontent"
                  href="contents/readings/index.htm">
            <metadata>
                <adlcp:location>contents/readings/index.htm.xml</adlcp:location>
            </metadata>
            <file href="contents/readings/index.htm"/>
            <dependency identifierref="webrenderrequirements.18-335j-introduction-to-numerical-methods-fall-2010"/>            
        </resource>
        <resource identifier="r_contents.lecture-notes.MIT18_335JF10_lec2b_hand.pdf"
                  type="other"
                  href="contents/lecture-notes/MIT18_335JF10_lec2b_hand.pdf">
            <metadata>
                <adlcp:location>contents/lecture-notes/MIT18_335JF10_lec2b_hand.pdf.xml</adlcp:location>
            </metadata>
            <file href="contents/lecture-notes/MIT18_335JF10_lec2b_hand.pdf"/>
                        
        </resource>
        <resource identifier="r_contents.assignments.SD.m"
                  type="other"
                  href="contents/assignments/SD.m">
            <metadata>
                <adlcp:location>contents/assignments/SD.m.xml</adlcp:location>
            </metadata>
            <file href="contents/assignments/SD.m"/>
                        
        </resource>
        <resource identifier="r_contents.exams.MIT18_335JF10_mid_sol_f10.pdf"
                  type="other"
                  href="contents/exams/MIT18_335JF10_mid_sol_f10.pdf">
            <metadata>
                <adlcp:location>contents/exams/MIT18_335JF10_mid_sol_f10.pdf.xml</adlcp:location>
            </metadata>
            <file href="contents/exams/MIT18_335JF10_mid_sol_f10.pdf"/>
                        
        </resource>
        <resource identifier="r_contents.lecture-notes.MIT18_335JF10_Lec31b_hand.pdf"
                  type="other"
                  href="contents/lecture-notes/MIT18_335JF10_Lec31b_hand.pdf">
            <metadata>
                <adlcp:location>contents/lecture-notes/MIT18_335JF10_Lec31b_hand.pdf.xml</adlcp:location>
            </metadata>
            <file href="contents/lecture-notes/MIT18_335JF10_Lec31b_hand.pdf"/>
                        
        </resource>
        <resource identifier="r_contents.lecture-notes.lecture-11-summary.index.htm"
                  type="webcontent"
                  href="contents/lecture-notes/lecture-11-summary/index.htm">
            <metadata>
                <adlcp:location>contents/lecture-notes/lecture-11-summary/index.htm.xml</adlcp:location>
            </metadata>
            <file href="contents/lecture-notes/lecture-11-summary/index.htm"/>
            <dependency identifierref="webrenderrequirements.18-335j-introduction-to-numerical-methods-fall-2010"/>            
        </resource>
        <resource identifier="r_contents.lecture-notes.lecture-1-summary.index.htm"
                  type="webcontent"
                  href="contents/lecture-notes/lecture-1-summary/index.htm">
            <metadata>
                <adlcp:location>contents/lecture-notes/lecture-1-summary/index.htm.xml</adlcp:location>
            </metadata>
            <file href="contents/lecture-notes/lecture-1-summary/index.htm"/>
            <dependency identifierref="webrenderrequirements.18-335j-introduction-to-numerical-methods-fall-2010"/>            
        </resource>
        <resource identifier="r_contents.lecture-notes.lecture-29-summary.index.htm"
                  type="webcontent"
                  href="contents/lecture-notes/lecture-29-summary/index.htm">
            <metadata>
                <adlcp:location>contents/lecture-notes/lecture-29-summary/index.htm.xml</adlcp:location>
            </metadata>
            <file href="contents/lecture-notes/lecture-29-summary/index.htm"/>
            <dependency identifierref="webrenderrequirements.18-335j-introduction-to-numerical-methods-fall-2010"/>            
        </resource>
        <resource identifier="r_contents.lecture-notes.lecture-28-summary.index.htm"
                  type="webcontent"
                  href="contents/lecture-notes/lecture-28-summary/index.htm">
            <metadata>
                <adlcp:location>contents/lecture-notes/lecture-28-summary/index.htm.xml</adlcp:location>
            </metadata>
            <file href="contents/lecture-notes/lecture-28-summary/index.htm"/>
            <dependency identifierref="webrenderrequirements.18-335j-introduction-to-numerical-methods-fall-2010"/>            
        </resource>
        <resource identifier="r_contents.lecture-notes.lecture-10-summary.index.htm"
                  type="webcontent"
                  href="contents/lecture-notes/lecture-10-summary/index.htm">
            <metadata>
                <adlcp:location>contents/lecture-notes/lecture-10-summary/index.htm.xml</adlcp:location>
            </metadata>
            <file href="contents/lecture-notes/lecture-10-summary/index.htm"/>
            <dependency identifierref="webrenderrequirements.18-335j-introduction-to-numerical-methods-fall-2010"/>            
        </resource>
        <resource identifier="r_contents.lecture-notes.MIT18_335JF10_lec21b_hand.pdf"
                  type="other"
                  href="contents/lecture-notes/MIT18_335JF10_lec21b_hand.pdf">
            <metadata>
                <adlcp:location>contents/lecture-notes/MIT18_335JF10_lec21b_hand.pdf.xml</adlcp:location>
            </metadata>
            <file href="contents/lecture-notes/MIT18_335JF10_lec21b_hand.pdf"/>
                        
        </resource>
        <resource identifier="r_contents.lecture-notes.MIT18_335JF10_lec2a_hand.pdf"
                  type="other"
                  href="contents/lecture-notes/MIT18_335JF10_lec2a_hand.pdf">
            <metadata>
                <adlcp:location>contents/lecture-notes/MIT18_335JF10_lec2a_hand.pdf.xml</adlcp:location>
            </metadata>
            <file href="contents/lecture-notes/MIT18_335JF10_lec2a_hand.pdf"/>
                        
        </resource>
        <resource identifier="r_contents.assignments.MIT18_335JF10_pset2.pdf"
                  type="other"
                  href="contents/assignments/MIT18_335JF10_pset2.pdf">
            <metadata>
                <adlcp:location>contents/assignments/MIT18_335JF10_pset2.pdf.xml</adlcp:location>
            </metadata>
            <file href="contents/assignments/MIT18_335JF10_pset2.pdf"/>
                        
        </resource>
        <resource identifier="r_contents.lecture-notes.index.htm"
                  type="webcontent"
                  href="contents/lecture-notes/index.htm">
            <metadata>
                <adlcp:location>contents/lecture-notes/index.htm.xml</adlcp:location>
            </metadata>
            <file href="contents/lecture-notes/index.htm"/>
            <dependency identifierref="webrenderrequirements.18-335j-introduction-to-numerical-methods-fall-2010"/>            
        </resource>
        <resource identifier="r_contents.lecture-notes.lecture-18-summary.index.htm"
                  type="webcontent"
                  href="contents/lecture-notes/lecture-18-summary/index.htm">
            <metadata>
                <adlcp:location>contents/lecture-notes/lecture-18-summary/index.htm.xml</adlcp:location>
            </metadata>
            <file href="contents/lecture-notes/lecture-18-summary/index.htm"/>
            <dependency identifierref="webrenderrequirements.18-335j-introduction-to-numerical-methods-fall-2010"/>            
        </resource>
        <resource identifier="r_contents.lecture-notes.MIT18_335JF10_lec10a_hand.pdf"
                  type="other"
                  href="contents/lecture-notes/MIT18_335JF10_lec10a_hand.pdf">
            <metadata>
                <adlcp:location>contents/lecture-notes/MIT18_335JF10_lec10a_hand.pdf.xml</adlcp:location>
            </metadata>
            <file href="contents/lecture-notes/MIT18_335JF10_lec10a_hand.pdf"/>
                        
        </resource>
        <resource identifier="r_contents.lecture-notes.lecture-12-summary.index.htm"
                  type="webcontent"
                  href="contents/lecture-notes/lecture-12-summary/index.htm">
            <metadata>
                <adlcp:location>contents/lecture-notes/lecture-12-summary/index.htm.xml</adlcp:location>
            </metadata>
            <file href="contents/lecture-notes/lecture-12-summary/index.htm"/>
            <dependency identifierref="webrenderrequirements.18-335j-introduction-to-numerical-methods-fall-2010"/>            
        </resource>
        <resource identifier="r_contents.assignments.MIT18_335JF10_pset5sol.pdf"
                  type="other"
                  href="contents/assignments/MIT18_335JF10_pset5sol.pdf">
            <metadata>
                <adlcp:location>contents/assignments/MIT18_335JF10_pset5sol.pdf.xml</adlcp:location>
            </metadata>
            <file href="contents/assignments/MIT18_335JF10_pset5sol.pdf"/>
                        
        </resource>
        <resource identifier="r_contents.assignments.MIT18_335JF10_pset1.pdf"
                  type="other"
                  href="contents/assignments/MIT18_335JF10_pset1.pdf">
            <metadata>
                <adlcp:location>contents/assignments/MIT18_335JF10_pset1.pdf.xml</adlcp:location>
            </metadata>
            <file href="contents/assignments/MIT18_335JF10_pset1.pdf"/>
                        
        </resource>
        <resource identifier="r_contents.lecture-notes.lecture-19-summary.index.htm"
                  type="webcontent"
                  href="contents/lecture-notes/lecture-19-summary/index.htm">
            <metadata>
                <adlcp:location>contents/lecture-notes/lecture-19-summary/index.htm.xml</adlcp:location>
            </metadata>
            <file href="contents/lecture-notes/lecture-19-summary/index.htm"/>
            <dependency identifierref="webrenderrequirements.18-335j-introduction-to-numerical-methods-fall-2010"/>            
        </resource>
        <resource identifier="r_contents.lecture-notes.lecture-8-summary.index.htm"
                  type="webcontent"
                  href="contents/lecture-notes/lecture-8-summary/index.htm">
            <metadata>
                <adlcp:location>contents/lecture-notes/lecture-8-summary/index.htm.xml</adlcp:location>
            </metadata>
            <file href="contents/lecture-notes/lecture-8-summary/index.htm"/>
            <dependency identifierref="webrenderrequirements.18-335j-introduction-to-numerical-methods-fall-2010"/>            
        </resource>
        <resource identifier="r_contents.readings.MIT18_335JF10_lec17.pdf"
                  type="other"
                  href="contents/readings/MIT18_335JF10_lec17.pdf">
            <metadata>
                <adlcp:location>contents/readings/MIT18_335JF10_lec17.pdf.xml</adlcp:location>
            </metadata>
            <file href="contents/readings/MIT18_335JF10_lec17.pdf"/>
                        
        </resource>
        <resource identifier="r_contents.readings.MIT18_335JF10_lec15.pdf"
                  type="other"
                  href="contents/readings/MIT18_335JF10_lec15.pdf">
            <metadata>
                <adlcp:location>contents/readings/MIT18_335JF10_lec15.pdf.xml</adlcp:location>
            </metadata>
            <file href="contents/readings/MIT18_335JF10_lec15.pdf"/>
                        
        </resource>
        <resource identifier="r_contents.lecture-notes.MIT18_335JF10_lec25a_hand.pdf"
                  type="other"
                  href="contents/lecture-notes/MIT18_335JF10_lec25a_hand.pdf">
            <metadata>
                <adlcp:location>contents/lecture-notes/MIT18_335JF10_lec25a_hand.pdf.xml</adlcp:location>
            </metadata>
            <file href="contents/lecture-notes/MIT18_335JF10_lec25a_hand.pdf"/>
                        
        </resource>
        <resource identifier="r_contents.assignments.MIT18_335JF10_pset3.pdf"
                  type="other"
                  href="contents/assignments/MIT18_335JF10_pset3.pdf">
            <metadata>
                <adlcp:location>contents/assignments/MIT18_335JF10_pset3.pdf.xml</adlcp:location>
            </metadata>
            <file href="contents/assignments/MIT18_335JF10_pset3.pdf"/>
                        
        </resource>
        <resource identifier="r_contents.assignments.A363.m"
                  type="other"
                  href="contents/assignments/A363.m">
            <metadata>
                <adlcp:location>contents/assignments/A363.m.xml</adlcp:location>
            </metadata>
            <file href="contents/assignments/A363.m"/>
                        
        </resource>
        <resource identifier="r_contents.lecture-notes.lecture-20-summary.index.htm"
                  type="webcontent"
                  href="contents/lecture-notes/lecture-20-summary/index.htm">
            <metadata>
                <adlcp:location>contents/lecture-notes/lecture-20-summary/index.htm.xml</adlcp:location>
            </metadata>
            <file href="contents/lecture-notes/lecture-20-summary/index.htm"/>
            <dependency identifierref="webrenderrequirements.18-335j-introduction-to-numerical-methods-fall-2010"/>            
        </resource>
        <resource identifier="r_contents.assignments.lanczos.m"
                  type="other"
                  href="contents/assignments/lanczos.m">
            <metadata>
                <adlcp:location>contents/assignments/lanczos.m.xml</adlcp:location>
            </metadata>
            <file href="contents/assignments/lanczos.m"/>
                        
        </resource>
        <resource identifier="r_contents.exams.MIT18_335JF10_mid_f10.pdf"
                  type="other"
                  href="contents/exams/MIT18_335JF10_mid_f10.pdf">
            <metadata>
                <adlcp:location>contents/exams/MIT18_335JF10_mid_f10.pdf.xml</adlcp:location>
            </metadata>
            <file href="contents/exams/MIT18_335JF10_mid_f10.pdf"/>
                        
        </resource>
        <resource identifier="r_contents.lecture-notes.lecture-32-summary.index.htm"
                  type="webcontent"
                  href="contents/lecture-notes/lecture-32-summary/index.htm">
            <metadata>
                <adlcp:location>contents/lecture-notes/lecture-32-summary/index.htm.xml</adlcp:location>
            </metadata>
            <file href="contents/lecture-notes/lecture-32-summary/index.htm"/>
            <dependency identifierref="webrenderrequirements.18-335j-introduction-to-numerical-methods-fall-2010"/>            
        </resource>
        <resource identifier="r_contents.lecture-notes.lecture-13-summary.index.htm"
                  type="webcontent"
                  href="contents/lecture-notes/lecture-13-summary/index.htm">
            <metadata>
                <adlcp:location>contents/lecture-notes/lecture-13-summary/index.htm.xml</adlcp:location>
            </metadata>
            <file href="contents/lecture-notes/lecture-13-summary/index.htm"/>
            <dependency identifierref="webrenderrequirements.18-335j-introduction-to-numerical-methods-fall-2010"/>            
        </resource>
        <resource identifier="r_contents.lecture-notes.MIT18_335JF10_Lec31a_hand.pdf"
                  type="other"
                  href="contents/lecture-notes/MIT18_335JF10_Lec31a_hand.pdf">
            <metadata>
                <adlcp:location>contents/lecture-notes/MIT18_335JF10_Lec31a_hand.pdf.xml</adlcp:location>
            </metadata>
            <file href="contents/lecture-notes/MIT18_335JF10_Lec31a_hand.pdf"/>
                        
        </resource>
        <resource identifier="r_contents.lecture-notes.MIT18_335JF10_lec23b_hand.pdf"
                  type="other"
                  href="contents/lecture-notes/MIT18_335JF10_lec23b_hand.pdf">
            <metadata>
                <adlcp:location>contents/lecture-notes/MIT18_335JF10_lec23b_hand.pdf.xml</adlcp:location>
            </metadata>
            <file href="contents/lecture-notes/MIT18_335JF10_lec23b_hand.pdf"/>
                        
        </resource>        
        <resource identifier="r_common.search.AdvancedSearch.htm"
                  type="webcontent"
                  href="common/search/AdvancedSearch.htm">
            <file href="common/search/AdvancedSearch.htm"/>
            <dependency identifierref="webrenderrequirements.18-335j-introduction-to-numerical-methods-fall-2010"/>            
        </resource>
        <resource identifier="r_common.jsp.feedback.htm"
                  type="webcontent"
                  href="common/jsp/feedback.htm">
            <file href="common/jsp/feedback.htm"/>
            <dependency identifierref="webrenderrequirements.18-335j-introduction-to-numerical-methods-fall-2010"/>            
        </resource>
        <resource identifier="r_common.terms.index.htm"
                  type="webcontent"
                  href="common/terms/index.htm">
            <file href="common/terms/by.png"/>
            <file href="common/terms/nc.png"/>
            <file href="common/terms/sa.png"/>
            <file href="common/terms/deedheadyellow.png"/>
            <file href="common/terms/freedomsheader.png"/>
            <file href="common/terms/limitationsheader.png"/>
            <file href="common/terms/understandingheader.jpg"/>
            <file href="common/terms/deedfootyellow.png"/>
            <dependency identifierref="webrenderrequirements.18-335j-introduction-to-numerical-methods-fall-2010"/>            
        </resource>
        <resource identifier="r_common.terms.trademarks.index.htm"
                  type="webcontent"
                  href="common/terms/trademarks/index.htm">
            <file href="common/terms/trademarks/index.htm"/>
            <dependency identifierref="webrenderrequirements.18-335j-introduction-to-numerical-methods-fall-2010"/>            
        </resource>
        <resource identifier="webrenderrequirements.18-335j-introduction-to-numerical-methods-fall-2010"
                  type="webcontent">
        	<file href="common/styles/base.css"/>
        	<file href="common/styles/courses.css"/>
        	<file href="common/styles/courses_new.css"/>
        	<file href="common/styles/educator.css"/>
        	<file href="common/styles/global.css"/>
        	<file href="common/styles/grid.css"/>
        	<file href="common/styles/highslide.css"/>
        	<file href="common/styles/highslide-ie6.css"/>
        	<file href="common/styles/jquery.bubblepopup.css"/>
        	<file href="common/styles/jquery.jscrollpane.css"/>
        	<file href="common/styles/jquery-ui.css"/>
        	<file href="common/styles/menu.css"/>
        	<file href="common/styles/scholar2.css"/>
        	<file href="common/styles/media_tabs.css"/>
        	<file href="common/styles/three_play.css"/>
        	<file href="common/scripts/bubble-popup-offline.js"/>
        	<file href="common/scripts/jquery.js"/>
        	<file href="common/scripts/ocw-media-utils.js"/>
        	<file href="common/scripts/ocw-media-utils-offline.js"/>
        	<file href="common/scripts/highslide-with-gallery.js"/>
        	<file href="common/scripts/jquery.bubblepopup.min.js"/>
        	<file href="common/scripts/jquery.jscrollpane.min.js"/>
        	<file href="common/scripts/jquery-ui.min.js"/>
        	<file href="common/scripts/jQuizMe-uncompressed.js"/>
        	<file href="common/scripts/ocw-offline.js"/>
        	<file href="common/scripts/expandy.js"/>
        	<file href="common/scripts/chart.js"/>
        	<file href="common/scripts/jquery.anythingslider.js"/>
        	<file href="common/images/ocw_mast.png"/>
        	<file href="common/images/button_subscribe.png"/>
        	<file href="common/images/icon_fb.png"/>
        	<file href="common/images/icon_gp.png"/>
        	<file href="common/images/icon_pin.png"/>
        	<file href="common/images/icon_tw.png"/>
        	<file href="common/images/icon-question-ovt.png"/>
        	<file href="common/images/icon-question-svt.png"/>
        	<file href="common/images/icon-question-avt.png"/>
        	<file href="common/images/icon-question-cl.png"/>
        	<file href="common/images/top-nav_home.png"/>
        	<file href="common/images/button_search.png"/>
        	<file href="common/images/bg_top.png"/>
        	<file href="common/images/bg_social.png"/>
        	<file href="common/images/bg_social2.png"/>
        	<file href="common/images/bg_mega-courses.png"/>
        	<file href="common/images/bg_center2.png"/>
        	<file href="common/images/bg_course-nav_current.png"/>
        	<file href="common/images/button_donate-now.png"/>
        	<file href="common/images/logo_mit.png"/>
        	<file href="common/images/logo_ocwc.gif"/>
        	<file href="common/images/cc_by-nc-sa.png"/>
        	<file href="common/images/logo_dow.png"/>
        	<file href="common/images/logo_lockheed.png"/>
        	<file href="common/images/logo_mathworks.png"/>
        	<file href="common/images/logo_abinitio.png"/>
        	<file href="common/images/logo_sapient.png"/>
        	<file href="common/images/bg_bottom.png"/>
        	<file href="common/images/nav_arrow.png"/>
        	<file href="common/images/news-subscibe_bg.png"/>
        	<file href="common/images/3play_logo.png"/>
        	<file href="common/images/black-arrow.gif"/>
        	<file href="common/images/trans.gif"/>
        	<file href="common/images/arrow-bullet.gif"/>
        	<file href="common/images/apple-touch-icon.png"/>
        	<file href="common/images/highslide/graphics/zoomin.cur"/>
        	<file href="common/images/highslide/graphics/zoomout.cur"/>
        	<file href="common/images/highslide/graphics/controlbar2.gif"/>
        	<file href="common/images/highslide/graphics/controlbar3.gif"/>
        	<file href="common/images/highslide/graphics/controlbar4.gif"/>
        	<file href="common/images/highslide/graphics/controlbar4-hover.gif"/>
        	<file href="common/images/highslide/graphics/controlbar-black-border.gif"/>
        	<file href="common/images/highslide/graphics/controlbar-white.gif"/>
        	<file href="common/images/highslide/graphics/controlbar-white-small.gif"/>
        	<file href="common/images/highslide/graphics/fullexpand.gif"/>
        	<file href="common/images/highslide/graphics/icon.gif"/>
        	<file href="common/images/highslide/graphics/loader.gif"/>
        	<file href="common/images/highslide/graphics/loader.white.gif"/>
        	<file href="common/images/highslide/graphics/resize.gif"/>
        	<file href="common/images/highslide/graphics/close.png"/>
        	<file href="common/images/highslide/graphics/closeX.png"/>
        	<file href="common/images/highslide/graphics/controlbar-text-buttons.png"/>
        	<file href="common/images/highslide/graphics/geckodimmer.png"/>
        	<file href="common/images/highslide/graphics/scrollarrows.png"/>
        	<file href="common/images/highslide/graphics/outlines/beveled.png"/>
        	<file href="common/images/highslide/graphics/outlines/drop-shadow.png"/>
        	<file href="common/images/highslide/graphics/outlines/glossy-dark.png"/>
        	<file href="common/images/highslide/graphics/outlines/outer-glow.png"/>
        	<file href="common/images/highslide/graphics/outlines/rounded-black.png"/>
        	<file href="common/images/highslide/graphics/outlines/rounded-white.png"/>
        	<file href="common/images/highslide/graphics/outlines/Outlines.psd"/>
        	<file href="common/images/button_continue.jpg"/>
        	<file href="common/images/button_donate.jpg"/>
        	<file href="common/images/button_start.jpg"/>
        	<file href="common/images/scholar_bar_chp.png"/>
        	<file href="common/images/scholar_bar.png"/>
        	<file href="common/images/logo_pdf.jpg"/>
        	<file href="common/images/h2_trigger_open_close.gif"/>
        	<file href="common/images/bookmark.gif"/>
        	<file href="common/images/check.png"/>
        	<file href="common/images/lightbulb.png"/>
        	<file href="common/images/audio_file.gif"/>
        	<file href="common/images/audio_only_slate.gif"/>
        	<file href="common/images/video_file.gif"/>
        	<file href="common/images/back-5.png"/>
        	<file href="common/images/btn_next_resource.png"/>
        	<file href="common/images/btn_previous_resource.png"/>
        	<file href="common/images/close.png"/>
        	<file href="common/images/inacessible.gif"/>
        	<file href="common/images/jquerybubblepopup-theme/grey/ie/bottom-left.gif"/>
        	<file href="common/images/jquerybubblepopup-theme/grey/ie/bottom-middle.gif"/>
        	<file href="common/images/jquerybubblepopup-theme/grey/ie/bottom-right.gif"/>
        	<file href="common/images/jquerybubblepopup-theme/grey/ie/middle-left.gif"/>
        	<file href="common/images/jquerybubblepopup-theme/grey/ie/middle-right.gif"/>
        	<file href="common/images/jquerybubblepopup-theme/grey/ie/tail-bottom.gif"/>
        	<file href="common/images/jquerybubblepopup-theme/grey/ie/tail-left.gif"/>
        	<file href="common/images/jquerybubblepopup-theme/grey/ie/tail-right.gif"/>
        	<file href="common/images/jquerybubblepopup-theme/grey/ie/tail-top.gif"/>
        	<file href="common/images/jquerybubblepopup-theme/grey/ie/top-left.gif"/>
        	<file href="common/images/jquerybubblepopup-theme/grey/ie/top-middle.gif"/>
        	<file href="common/images/jquerybubblepopup-theme/grey/ie/top-right.gif"/>
        	<file href="common/images/jquerybubblepopup-theme/grey/bottom-left.png"/>
        	<file href="common/images/jquerybubblepopup-theme/grey/bottom-middle.png"/>
        	<file href="common/images/jquerybubblepopup-theme/grey/bottom-right.png"/>
        	<file href="common/images/jquerybubblepopup-theme/grey/middle-left.png"/>
        	<file href="common/images/jquerybubblepopup-theme/grey/middle-right.png"/>
        	<file href="common/images/jquerybubblepopup-theme/grey/tail-bottom.png"/>
        	<file href="common/images/jquerybubblepopup-theme/grey/tail-left.png"/>
        	<file href="common/images/jquerybubblepopup-theme/grey/tail-right.png"/>
        	<file href="common/images/jquerybubblepopup-theme/grey/tail-top.png"/>
        	<file href="common/images/jquerybubblepopup-theme/grey/top-left.png"/>
        	<file href="common/images/jquerybubblepopup-theme/grey/top-middle.png"/>
        	<file href="common/images/jquerybubblepopup-theme/grey/top-right.png"/>
        	<file href="common/images/educator/classroom_next.png"/>
        	<file href="common/images/educator/classroom_next_dim.png"/>
        	<file href="common/images/educator/classroom_prev.png"/>
        	<file href="common/images/educator/classroom_prev_dim.png"/>
        	<file href="common/images/educator/edu_b-blank.png"/>
        	<file href="common/images/educator/edu_b-blank-key.png"/>
        	<file href="common/images/educator/edu_b-duedate.png"/>
        	<file href="common/images/educator/edu_b-duedate-key.png"/>
        	<file href="common/images/educator/edu_b-exam.png"/>
        	<file href="common/images/educator/edu_b-exam-key.png"/>
        	<file href="common/images/educator/edu_b-lab.png"/>
        	<file href="common/images/educator/edu_b-lab-key.png"/>
        	<file href="common/images/educator/edu_b-lab-team.png"/>
        	<file href="common/images/educator/edu_b-lab-duedate.png"/>
        	<file href="common/images/educator/edu_b-leclab.png"/>
        	<file href="common/images/educator/edu_b-leclab-key.png"/>
        	<file href="common/images/educator/edu_b-lecture.png"/>
        	<file href="common/images/educator/edu_b-lecture-duedate.png"/>
        	<file href="common/images/educator/edu_b-lecture-exam.png"/>
        	<file href="common/images/educator/edu_b-lecture-key.png"/>
        	<file href="common/images/educator/edu_b-lecture-lunch.png"/>
        	<file href="common/images/educator/edu_b-lecture-preslab.png"/>
        	<file href="common/images/educator/edu_b-lecture-quiz.png"/>
        	<file href="common/images/educator/edu_b-lecture-team.png"/>
        	<file href="common/images/educator/edu_b-lecrec-key.png"/>
        	<file href="common/images/educator/edu_b-leclab-duedate.png"/>
        	<file href="common/images/educator/edu_b-lecrec.png"/>
        	<file href="common/images/educator/edu_b-lecrec-duedate.png"/>
        	<file href="common/images/educator/edu_b-noclass-quiz.png"/>
        	<file href="common/images/educator/edu_b-lunch.png"/>
        	<file href="common/images/educator/edu_b-lunch-key.png"/>
        	<file href="common/images/educator/edu_b-noclass.png"/>
        	<file href="common/images/educator/edu_b-noclass-duedate.png"/>
        	<file href="common/images/educator/edu_b-noclass-exam.png"/>
        	<file href="common/images/educator/edu_b-noclass-key.png"/>
        	<file href="common/images/educator/edu_b-office.png"/>
        	<file href="common/images/educator/edu_b-office-key.png"/>
        	<file href="common/images/educator/edu_b-present.png"/>
        	<file href="common/images/educator/edu_b-present-duedate.png"/>
        	<file href="common/images/educator/edu_b-present-key.png"/>
        	<file href="common/images/educator/edu_b-preslab.png"/>
        	<file href="common/images/educator/edu_b-preslab-key.png"/>
        	<file href="common/images/educator/edu_b-quiz-key.png"/>
        	<file href="common/images/educator/edu_b-reclab-key.png"/>
        	<file href="common/images/educator/edu_b-reclab-concert.png"/>
        	<file href="common/images/educator/edu_b-reclab.png"/>
        	<file href="common/images/educator/edu_b-noclass-concert.png"/>
        	<file href="common/images/educator/edu_b-leclab-concert.png"/>
        	<file href="common/images/educator/edu_b-concert-key.png"/>
        	<file href="common/images/educator/edu_b-concert.png"/>
        	<file href="common/images/educator/edu_b-recitation.png"/>
        	<file href="common/images/educator/edu_b-recitation-duedate.png"/>
        	<file href="common/images/educator/edu_b-recitation-exam.png"/>
        	<file href="common/images/educator/edu_b-recitation-key.png"/>
        	<file href="common/images/educator/edu_b-team.png"/>
        	<file href="common/images/educator/edu_b-team-key.png"/>
        	<file href="common/images/educator/edu_b-team-preslab.png"/>
        	<file href="common/images/educator/edu_b-work.png"/>
        	<file href="common/images/educator/edu_b-work-key.png"/>
        	<file href="common/images/educator/icon-question-cih.png"/>
        	<file href="common/images/educator/icon-question-cihw.png"/>
        	<file href="common/images/educator/icon-question-cim.png"/>
        	<file href="common/images/educator/icon-question-collab.png"/>
        	<file href="common/images/educator/icon-question-coop.png"/>
        	<file href="common/images/educator/icon-question-fas.png"/>
        	<file href="common/images/educator/icon-question-gir.png"/>
        	<file href="common/images/educator/icon-question-hass.png"/>
        	<file href="common/images/educator/icon-question-hass-s.png"/>
        	<file href="common/images/educator/icon-question-iap.png"/>
        	<file href="common/images/educator/icon-question-lab.png"/>
        	<file href="common/images/educator/icon-question-urop.png"/>
        	<file href="common/images/educator/icon-question-active.png"/>
        	<file href="common/images/educator/icon-question-clickq.png"/>
        	<file href="common/images/educator/icon-question-conq.png"/>
        	<file href="common/images/educator/icon-question-flip.png"/>
        	<file href="common/images/educator/icon-question-form.png"/>
        	<file href="common/images/educator/icon-question-immed.png"/>
        	<file href="common/images/educator/icon-question-learn.png"/>
        	<file href="common/images/educator/icon-question-ped.png"/>
        	<file href="common/images/educator/icon-question-readq.png"/>
        	<file href="common/images/educator/icon-question-service.png"/>
        	<file href="common/images/educator/icon-question-sum.png"/>
        	<file href="common/images/educator/icon-question-unrestricted-elective-credits.png"/>
        	<file href="common/webfonts/TitilliumText22L002-webfont.woff"/>
        	<file href="common/webfonts/TitilliumText22L002-webfont.ttf"/>
        	<file href="common/webfonts/TitilliumText22L002-webfont.svg"/>
        	<file href="common/webfonts/TitilliumText22L002-webfont.eot"/>
        	<file href="common/webfonts/TitilliumText22L003-webfont.woff"/>
        	<file href="common/webfonts/TitilliumText22L003-webfont.ttf"/>
        	<file href="common/webfonts/TitilliumText22L003-webfont.eot"/>
        	<file href="common/webfonts/TitilliumText22L003-webfont.svg"/>
        	<file href="common/webfonts/TitilliumText22L005-webfont.woff"/>
        	<file href="common/webfonts/TitilliumText22L005-webfont.ttf"/>
        	<file href="common/webfonts/TitilliumText22L005-webfont.svg"/>
        	<file href="common/webfonts/TitilliumText22L005-webfont.eot"/>
        </resource>        
  </resources>
</manifest>
